-- ===========================
-- Sewn 플랫폼 - 시드 데이터 (테스트용)
-- 실행 전: 01_tables.sql, 02_indexes_rls.sql, 03_functions_triggers.sql 먼저 실행
-- ===========================

-- 임시로 RLS 비활성화 (시드 데이터 삽입용)
-- 주의: 프로덕션에서는 사용하지 말 것

-- ===========================
-- 테스트 사용자 데이터
-- 참고: auth.users는 Supabase Auth를 통해 생성해야 함
-- 여기서는 public.users 테이블에 직접 삽입 (auth.users에 이미 존재한다고 가정)
-- ===========================

-- 전문가 사용자 (20명)
INSERT INTO users (id, email, user_type, name, profile_image_url, phone, is_verified, is_active) VALUES
-- 테크니컬 전문가
('11111111-1111-1111-1111-111111111101', 'expert1@test.com', 'expert', '김패턴', 'https://images.unsplash.com/photo-1494790108755-2616b1a4c7ea?w=200', '010-1111-1101', true, true),
('11111111-1111-1111-1111-111111111102', 'expert2@test.com', 'expert', '이테크', 'https://images.unsplash.com/photo-1507003211169-0a1dd7228f2d?w=200', '010-1111-1102', true, true),
('11111111-1111-1111-1111-111111111103', 'expert3@test.com', 'expert', '박쓰리디', 'https://images.unsplash.com/photo-1500648767791-00dcc994a43e?w=200', '010-1111-1103', true, true),
('11111111-1111-1111-1111-111111111104', 'expert4@test.com', 'expert', '최캐드', 'https://images.unsplash.com/photo-1506794778202-cad84cf45f1d?w=200', '010-1111-1104', false, true),
-- 프로덕션 전문가
('11111111-1111-1111-1111-111111111105', 'expert5@test.com', 'expert', '정샘플', 'https://images.unsplash.com/photo-1534528741775-53994a69daeb?w=200', '010-1111-1105', true, true),
('11111111-1111-1111-1111-111111111106', 'expert6@test.com', 'expert', '한봉제', 'https://images.unsplash.com/photo-1438761681033-6461ffad8d80?w=200', '010-1111-1106', true, true),
('11111111-1111-1111-1111-111111111107', 'expert7@test.com', 'expert', '송니트', 'https://images.unsplash.com/photo-1544005313-94ddf0286df2?w=200', '010-1111-1107', false, true),
('11111111-1111-1111-1111-111111111108', 'expert8@test.com', 'expert', '강가봉', 'https://images.unsplash.com/photo-1531746020798-e6953c6e8e04?w=200', '010-1111-1108', true, true),
-- 크리에이티브 전문가
('11111111-1111-1111-1111-111111111109', 'expert9@test.com', 'expert', '윤디자인', 'https://images.unsplash.com/photo-1517841905240-472988babdf9?w=200', '010-1111-1109', true, true),
('11111111-1111-1111-1111-111111111110', 'expert10@test.com', 'expert', '장텍스타일', 'https://images.unsplash.com/photo-1524504388940-b1c1722653e1?w=200', '010-1111-1110', true, true),
('11111111-1111-1111-1111-111111111111', 'expert11@test.com', 'expert', '임그래픽', 'https://images.unsplash.com/photo-1488426862026-3ee34a7d66df?w=200', '010-1111-1111', false, true),
('11111111-1111-1111-1111-111111111112', 'expert12@test.com', 'expert', '오일러스트', 'https://images.unsplash.com/photo-1502823403499-6ccfcf4fb453?w=200', '010-1111-1112', true, true),
-- 미디어 전문가
('11111111-1111-1111-1111-111111111113', 'expert13@test.com', 'expert', '서포토', 'https://images.unsplash.com/photo-1492562080023-ab3db95bfbce?w=200', '010-1111-1113', true, true),
('11111111-1111-1111-1111-111111111114', 'expert14@test.com', 'expert', '배모델', 'https://images.unsplash.com/photo-1529626455594-4ff0802cfb7e?w=200', '010-1111-1114', true, true),
('11111111-1111-1111-1111-111111111115', 'expert15@test.com', 'expert', '류스타일', 'https://images.unsplash.com/photo-1520813792240-56fc4a3765a7?w=200', '010-1111-1115', true, true),
('11111111-1111-1111-1111-111111111116', 'expert16@test.com', 'expert', '문비디오', 'https://images.unsplash.com/photo-1519085360753-af0119f7cbe7?w=200', '010-1111-1116', false, true),
-- 추가 전문가
('11111111-1111-1111-1111-111111111117', 'expert17@test.com', 'expert', '신패턴', 'https://images.unsplash.com/photo-1560250097-0b93528c311a?w=200', '010-1111-1117', true, true),
('11111111-1111-1111-1111-111111111118', 'expert18@test.com', 'expert', '하쓰리디', 'https://images.unsplash.com/photo-1573497019940-1c28c88b4f3e?w=200', '010-1111-1118', true, true),
('11111111-1111-1111-1111-111111111119', 'expert19@test.com', 'expert', '조샘플', 'https://images.unsplash.com/photo-1580489944761-15a19d654956?w=200', '010-1111-1119', true, true),
('11111111-1111-1111-1111-111111111120', 'expert20@test.com', 'expert', '권포토', 'https://images.unsplash.com/photo-1566492031773-4f4e44671857?w=200', '010-1111-1120', true, true)
ON CONFLICT (id) DO NOTHING;

-- 클라이언트 사용자 (5명)
INSERT INTO users (id, email, user_type, name, profile_image_url, phone, is_verified, is_active) VALUES
('22222222-2222-2222-2222-222222222201', 'client1@test.com', 'client', '패션브랜드A', 'https://images.unsplash.com/photo-1560179707-f14e90ef3623?w=200', '010-2222-2201', true, true),
('22222222-2222-2222-2222-222222222202', 'client2@test.com', 'client', '스타트업B', 'https://images.unsplash.com/photo-1559136555-9303baea8ebd?w=200', '010-2222-2202', true, true),
('22222222-2222-2222-2222-222222222203', 'client3@test.com', 'client', '디자이너C', 'https://images.unsplash.com/photo-1557804506-669a67965ba0?w=200', '010-2222-2203', false, true),
('22222222-2222-2222-2222-222222222204', 'client4@test.com', 'client', '쇼핑몰D', 'https://images.unsplash.com/photo-1542744173-8e7e53415bb0?w=200', '010-2222-2204', true, true),
('22222222-2222-2222-2222-222222222205', 'client5@test.com', 'client', '브랜드E', 'https://images.unsplash.com/photo-1552664730-d307ca884978?w=200', '010-2222-2205', true, true)
ON CONFLICT (id) DO NOTHING;

-- ===========================
-- 전문가 프로필 데이터
-- ===========================

INSERT INTO expert_profiles (id, user_id, bio, categories, skills, experience_years, education, location, hourly_rate_min, hourly_rate_max, project_rate_min, project_rate_max, availability, rating_avg, review_count, completed_projects) VALUES
-- 테크니컬 전문가
('33333333-3333-3333-3333-333333333301', '11111111-1111-1111-1111-111111111101',
'10년차 패턴 전문가입니다. 여성복 전문이며, 이탈리아 패턴 기법을 기반으로 입체적이고 착용감 좋은 패턴을 제작합니다. 대형 브랜드와 신진 디자이너 모두와 협업 경험이 풍부합니다.',
'["pattern_maker", "fitting_specialist"]'::jsonb,
'["플랫 패턴", "드레이핑", "그레이딩", "피팅 보정", "Optitex"]'::jsonb,
10, '이탈리아 마랑고니 패션학교', '서울 성수', 70000, 120000, 500000, 2000000, 'available', 4.85, 23, 45),

('33333333-3333-3333-3333-333333333302', '11111111-1111-1111-1111-111111111102',
'테크니컬 디자이너 8년차입니다. 스펙 시트 작성, 생산 지시서 관리, 품질 관리까지 전 과정을 담당합니다. 글로벌 브랜드 OEM 경험 다수 보유.',
'["technical_designer"]'::jsonb,
'["스펙 시트", "생산지시서", "품질관리", "Adobe Illustrator", "Excel"]'::jsonb,
8, '한양대학교 의류학과', '서울 강남', 80000, 150000, 800000, 3000000, 'available', 4.72, 18, 32),

('33333333-3333-3333-3333-333333333303', '11111111-1111-1111-1111-111111111103',
'CLO3D 전문 디자이너입니다. 3D 가상 피팅으로 샘플 비용을 절감하고 빠른 의사결정을 도와드립니다. 브라우저에서도 확인 가능한 3D 뷰어 제공.',
'["3d_designer"]'::jsonb,
'["CLO3D", "Browzwear", "Marvelous Designer", "3D 피팅", "가상 샘플링"]'::jsonb,
5, '홍익대학교 섬유미술패션디자인과', '서울 홍대', 100000, 180000, 700000, 2500000, 'available', 4.93, 31, 52),

('33333333-3333-3333-3333-333333333304', '11111111-1111-1111-1111-111111111104',
'CAD 시스템 전문가로 Gerber, Optitex, Lectra 모두 능숙합니다. 패턴 디지털화, 마커 제작, 그레이딩 자동화 등을 담당합니다.',
'["cad_specialist", "pattern_maker"]'::jsonb,
'["Gerber AccuMark", "Optitex", "Lectra", "CAD 패턴", "마커 제작"]'::jsonb,
7, '건국대학교 의상디자인학과', '경기 성남', 60000, 100000, 400000, 1500000, 'busy', 4.45, 12, 28),

-- 프로덕션 전문가
('33333333-3333-3333-3333-333333333305', '11111111-1111-1111-1111-111111111105',
'샘플실 15년 경력의 베테랑입니다. 신속하고 정확한 샘플 제작으로 브랜드들의 신뢰를 받고 있습니다. 모든 종류의 의류 샘플 제작 가능.',
'["sample_maker"]'::jsonb,
'["샘플 제작", "프로토타입", "완봉", "특수봉제", "데님"]'::jsonb,
15, '동대문 봉제학원', '서울 동대문', 50000, 80000, 300000, 1000000, 'available', 4.88, 45, 120),

('33333333-3333-3333-3333-333333333306', '11111111-1111-1111-1111-111111111106',
'봉제 전문가 20년차입니다. 고급 맞춤 정장부터 캐주얼까지 다양한 경험을 보유하고 있습니다. 꼼꼼한 마무리가 강점입니다.',
'["seamstress", "sample_maker"]'::jsonb,
'["완봉", "가봉", "맞춤 제작", "정장", "코트"]'::jsonb,
20, '성동구 봉제기술학교', '서울 성수', 40000, 70000, 200000, 800000, 'available', 4.95, 67, 200),

('33333333-3333-3333-3333-333333333307', '11111111-1111-1111-1111-111111111107',
'니트웨어 전문 제작자입니다. 핸드니트부터 가먼트 기계 니팅까지 다양한 기법으로 작업합니다. 독특한 니트 디자인 개발 가능.',
'["knit_specialist"]'::jsonb,
'["핸드니트", "기계니팅", "니트 패턴", "울", "캐시미어"]'::jsonb,
12, '홀가먼트 니팅 전문과정', '경기 부천', 60000, 100000, 400000, 1200000, 'unavailable', 4.60, 15, 35),

('33333333-3333-3333-3333-333333333308', '11111111-1111-1111-1111-111111111108',
'피팅 보정 전문가입니다. 체형에 맞는 완벽한 핏을 구현합니다. 신체 측정, 피팅 테스트, 보정 작업까지 원스톱으로 진행.',
'["fitting_specialist", "pattern_maker"]'::jsonb,
'["피팅 보정", "체형 분석", "맞춤 패턴", "그레이딩", "사이즈 스펙"]'::jsonb,
9, '일본 문화복장학원', '서울 강남', 80000, 130000, 500000, 1500000, 'available', 4.78, 22, 48),

-- 크리에이티브 전문가
('33333333-3333-3333-3333-333333333309', '11111111-1111-1111-1111-111111111109',
'패션 디자이너 12년차입니다. 컨템포러리 여성복 전문이며, 시즌 컬렉션 기획부터 디자인, 생산 관리까지 전 과정 경험.',
'["fashion_designer"]'::jsonb,
'["컬렉션 디자인", "트렌드 분석", "Adobe Illustrator", "Adobe Photoshop", "여성복"]'::jsonb,
12, '파슨스 디자인 스쿨', '서울 청담', 120000, 200000, 1000000, 5000000, 'available', 4.82, 19, 38),

('33333333-3333-3333-3333-333333333310', '11111111-1111-1111-1111-111111111110',
'텍스타일 디자이너입니다. 원단 기획, 프린트 패턴 개발, 소재 리서치를 전문으로 합니다. 지속가능한 소재 연구에도 관심이 많습니다.',
'["textile_designer"]'::jsonb,
'["프린트 디자인", "패턴 개발", "소재 리서치", "Adobe Illustrator", "직물 설계"]'::jsonb,
8, '중앙대학교 공예학과', '서울 사당', 90000, 150000, 600000, 2000000, 'available', 4.70, 14, 25),

('33333333-3333-3333-3333-333333333311', '11111111-1111-1111-1111-111111111111',
'그래픽 디자이너로 패션 브랜드 로고, 룩북 레이아웃, 마케팅 그래픽을 전문으로 합니다. 깔끔하고 세련된 디자인이 강점.',
'["graphic_designer"]'::jsonb,
'["로고 디자인", "브랜딩", "룩북 디자인", "Adobe Creative Suite", "Figma"]'::jsonb,
6, '계원예술대학교 시각디자인과', '서울 합정', 70000, 120000, 500000, 2000000, 'busy', 4.55, 11, 22),

('33333333-3333-3333-3333-333333333312', '11111111-1111-1111-1111-111111111112',
'패션 일러스트레이터입니다. 손그림부터 디지털 일러스트까지, 브랜드의 감성을 담은 일러스트를 그립니다.',
'["illustrator"]'::jsonb,
'["패션 일러스트", "도식화", "Procreate", "Adobe Illustrator", "수채화"]'::jsonb,
7, '서울예술대학 시각디자인과', '서울 이태원', 80000, 140000, 400000, 1500000, 'available', 4.90, 28, 55),

-- 미디어 전문가
('33333333-3333-3333-3333-333333333313', '11111111-1111-1111-1111-111111111113',
'패션 포토그래퍼 10년차입니다. 룩북, 캠페인, 이커머스 촬영 전문. 자연광과 스튜디오 모두 능숙합니다.',
'["photographer"]'::jsonb,
'["룩북 촬영", "캠페인 촬영", "제품 촬영", "Capture One", "Adobe Lightroom"]'::jsonb,
10, '중앙대학교 사진학과', '서울 성수', 150000, 250000, 1000000, 5000000, 'available', 4.92, 42, 85),

('33333333-3333-3333-3333-333333333314', '11111111-1111-1111-1111-111111111114',
'모델 활동 5년차입니다. 키 175cm, 룩북, 피팅, 쇼 모델 활동 중. 다양한 컨셉 소화 가능합니다.',
'["model"]'::jsonb,
'["룩북 모델", "피팅 모델", "쇼 모델", "커머셜", "디지털 캠페인"]'::jsonb,
5, '서울모델학원', '서울 신사', 200000, 400000, 500000, 2000000, 'available', 4.85, 35, 70),

('33333333-3333-3333-3333-333333333315', '11111111-1111-1111-1111-111111111115',
'패션 스타일리스트입니다. 화보, 광고, 셀럽 스타일링 경험 다수. 트렌디하면서도 브랜드 아이덴티티를 살린 스타일링을 제안합니다.',
'["stylist"]'::jsonb,
'["화보 스타일링", "광고 스타일링", "셀럽 스타일링", "트렌드 분석", "코디네이션"]'::jsonb,
8, '에스모드 서울', '서울 청담', 180000, 300000, 800000, 4000000, 'available', 4.88, 25, 50),

('33333333-3333-3333-3333-333333333316', '11111111-1111-1111-1111-111111111116',
'패션 비디오그래퍼입니다. 캠페인 영상, 브랜드 무비, 패션쇼 영상 제작. 시네마틱한 연출이 강점입니다.',
'["videographer"]'::jsonb,
'["캠페인 영상", "브랜드 무비", "패션쇼 촬영", "Adobe Premiere", "DaVinci Resolve"]'::jsonb,
6, '한국영화아카데미', '서울 마포', 200000, 350000, 1500000, 8000000, 'busy', 4.65, 16, 30),

-- 추가 전문가
('33333333-3333-3333-3333-333333333317', '11111111-1111-1111-1111-111111111117',
'남성복 패턴 전문가입니다. 정장, 캐주얼, 스포츠웨어까지 남성복 전반을 다룹니다. 정확한 치수와 깔끔한 라인이 강점.',
'["pattern_maker"]'::jsonb,
'["남성복 패턴", "정장", "캐주얼", "그레이딩", "Gerber"]'::jsonb,
11, '서울모드패션학원', '서울 강남', 75000, 130000, 500000, 2000000, 'available', 4.75, 20, 42),

('33333333-3333-3333-3333-333333333318', '11111111-1111-1111-1111-111111111118',
'CLO3D 마스터 자격증 보유한 3D 디자이너입니다. 정교한 가상 샘플링으로 시간과 비용을 절약해드립니다.',
'["3d_designer", "technical_designer"]'::jsonb,
'["CLO3D", "3D 피팅", "가상 프로토타입", "소재 시뮬레이션", "렌더링"]'::jsonb,
4, 'CLO Virtual Fashion 인증', '경기 판교', 90000, 160000, 600000, 2200000, 'available', 4.80, 17, 35),

('33333333-3333-3333-3333-333333333319', '11111111-1111-1111-1111-111111111119',
'아동복 샘플 전문입니다. 귀엽고 안전한 아동복 제작 경험 다수. 까다로운 안전 기준도 충족합니다.',
'["sample_maker"]'::jsonb,
'["아동복", "유아복", "안전 기준", "샘플 제작", "소량 생산"]'::jsonb,
13, '대구 봉제기술학원', '대구 동성로', 45000, 75000, 250000, 900000, 'available', 4.68, 19, 45),

('33333333-3333-3333-3333-333333333320', '11111111-1111-1111-1111-111111111120',
'패션 사진작가로 이커머스 전문입니다. 빠르고 정확한 촬영으로 대량 촬영에도 능숙합니다. 보정 포함 서비스.',
'["photographer"]'::jsonb,
'["이커머스 촬영", "제품 촬영", "대량 촬영", "보정", "스튜디오"]'::jsonb,
7, '경일대학교 사진영상학과', '서울 성수', 100000, 180000, 600000, 3000000, 'available', 4.72, 30, 65)
ON CONFLICT (id) DO NOTHING;

-- ===========================
-- 포트폴리오 아이템 데이터
-- ===========================

INSERT INTO portfolio_items (id, expert_id, title, description, image_urls, category) VALUES
-- 김패턴의 포트폴리오
('44444444-4444-4444-4444-444444444401', '33333333-3333-3333-3333-333333333301', '2024 S/S 여성 재킷 패턴', '여성용 크롭 재킷 패턴 제작. 이탈리안 숄더 라인과 슬림한 실루엣이 특징.', '["https://images.unsplash.com/photo-1594938298603-c8148c4dae35?w=600", "https://images.unsplash.com/photo-1591047139829-d91aecb6caea?w=600"]'::jsonb, 'pattern_maker'),
('44444444-4444-4444-4444-444444444402', '33333333-3333-3333-3333-333333333301', '원피스 드레스 패턴', 'A라인 원피스 드레스 패턴. 그레이딩 6사이즈 포함.', '["https://images.unsplash.com/photo-1595777457583-95e059d581b8?w=600"]'::jsonb, 'pattern_maker'),
('44444444-4444-4444-4444-444444444403', '33333333-3333-3333-3333-333333333301', '트렌치 코트 패턴', '클래식 트렌치 코트 패턴. 벨트 디테일 포함.', '["https://images.unsplash.com/photo-1591369822096-ffd140ec948f?w=600", "https://images.unsplash.com/photo-1548624313-0396c75e4b1a?w=600"]'::jsonb, 'pattern_maker'),

-- 박쓰리디의 포트폴리오
('44444444-4444-4444-4444-444444444404', '33333333-3333-3333-3333-333333333303', 'CLO3D 가상 샘플링', '가상 피팅을 통한 샘플 검토. 실제 원단 시뮬레이션 적용.', '["https://images.unsplash.com/photo-1558171813-4c088753af8f?w=600", "https://images.unsplash.com/photo-1490481651871-ab68de25d43d?w=600"]'::jsonb, '3d_designer'),
('44444444-4444-4444-4444-444444444405', '33333333-3333-3333-3333-333333333303', '3D 룩북 렌더링', '실제 촬영 같은 3D 렌더링으로 룩북 제작.', '["https://images.unsplash.com/photo-1509631179647-0177331693ae?w=600"]'::jsonb, '3d_designer'),

-- 정샘플의 포트폴리오
('44444444-4444-4444-4444-444444444406', '33333333-3333-3333-3333-333333333305', '데님 재킷 샘플', '워싱 데님 재킷 샘플 제작. 빈티지 가공 포함.', '["https://images.unsplash.com/photo-1576995853123-5a10305d93c0?w=600", "https://images.unsplash.com/photo-1551537482-f2075a1d41f2?w=600"]'::jsonb, 'sample_maker'),
('44444444-4444-4444-4444-444444444407', '33333333-3333-3333-3333-333333333305', '셔츠 프로토타입', '면 포플린 셔츠 샘플 제작.', '["https://images.unsplash.com/photo-1596755094514-f87e34085b2c?w=600"]'::jsonb, 'sample_maker'),
('44444444-4444-4444-4444-444444444408', '33333333-3333-3333-3333-333333333305', '점퍼 샘플', '패딩 점퍼 샘플. 초경량 다운 소재 사용.', '["https://images.unsplash.com/photo-1544923246-77307dd628b9?w=600", "https://images.unsplash.com/photo-1551028719-00167b16eac5?w=600"]'::jsonb, 'sample_maker'),

-- 서포토의 포트폴리오
('44444444-4444-4444-4444-444444444409', '33333333-3333-3333-3333-333333333313', '브랜드 A 2024 S/S 룩북', '내추럴 라이트 룩북 촬영. 미니멀한 무드.', '["https://images.unsplash.com/photo-1469334031218-e382a71b716b?w=600", "https://images.unsplash.com/photo-1515886657613-9f3515b0c78f?w=600", "https://images.unsplash.com/photo-1509631179647-0177331693ae?w=600"]'::jsonb, 'photographer'),
('44444444-4444-4444-4444-444444444410', '33333333-3333-3333-3333-333333333313', '이커머스 제품 촬영', '온라인 쇼핑몰용 제품 촬영.', '["https://images.unsplash.com/photo-1445205170230-053b83016050?w=600", "https://images.unsplash.com/photo-1441986300917-64674bd600d8?w=600"]'::jsonb, 'photographer'),

-- 배모델의 포트폴리오
('44444444-4444-4444-4444-444444444411', '33333333-3333-3333-3333-333333333314', '브랜드 화보 촬영', '2024 봄 시즌 화보 모델 활동.', '["https://images.unsplash.com/photo-1539109136881-3be0616acf4b?w=600", "https://images.unsplash.com/photo-1496747611176-843222e1e57c?w=600"]'::jsonb, 'model'),
('44444444-4444-4444-4444-444444444412', '33333333-3333-3333-3333-333333333314', '쇼 모델 활동', '서울패션위크 런웨이 모델.', '["https://images.unsplash.com/photo-1558618666-fcd25c85cd64?w=600"]'::jsonb, 'model'),

-- 윤디자인의 포트폴리오
('44444444-4444-4444-4444-444444444413', '33333333-3333-3333-3333-333333333309', '2024 F/W 컬렉션', '가을겨울 컬렉션 디자인. 코트, 니트웨어 중심.', '["https://images.unsplash.com/photo-1509631179647-0177331693ae?w=600", "https://images.unsplash.com/photo-1485968579580-b6d095142e6e?w=600"]'::jsonb, 'fashion_designer'),
('44444444-4444-4444-4444-444444444414', '33333333-3333-3333-3333-333333333309', '캡슐 컬렉션', '6피스 캡슐 컬렉션. 미니멀 무드.', '["https://images.unsplash.com/photo-1490481651871-ab68de25d43d?w=600"]'::jsonb, 'fashion_designer')
ON CONFLICT (id) DO NOTHING;

-- ===========================
-- 프로젝트 데이터
-- ===========================

INSERT INTO projects (id, client_id, title, description, categories, budget_min, budget_max, deadline, location, attachment_urls, status) VALUES
('55555555-5555-5555-5555-555555555501', '22222222-2222-2222-2222-222222222201',
'여성 블라우스 패턴 제작',
'신규 론칭 브랜드의 기본 아이템인 여성 블라우스 패턴 제작이 필요합니다. 실크 소재에 맞는 패턴으로 5가지 사이즈(XS-XL) 그레이딩 포함해서 작업해주실 분을 찾습니다. 참고 이미지와 간단한 디자인 스케치는 준비되어 있습니다.',
'["pattern_maker"]'::jsonb, 500000, 800000, '2024-02-28', '서울', '[]'::jsonb, 'open'),

('55555555-5555-5555-5555-555555555502', '22222222-2222-2222-2222-222222222201',
'2024 S/S 룩북 촬영',
'봄여름 시즌 룩북 촬영을 진행합니다. 10개 스타일, 각 스타일당 2-3컷 필요. 스튜디오는 저희가 섭외하겠습니다. 자연스러운 무드의 촬영을 원합니다.',
'["photographer", "model", "stylist"]'::jsonb, 3000000, 5000000, '2024-03-15', '서울 성수', '[]'::jsonb, 'open'),

('55555555-5555-5555-5555-555555555503', '22222222-2222-2222-2222-222222222202',
'CLO3D 가상 샘플링',
'신규 디자인 10벌에 대한 3D 가상 샘플링이 필요합니다. 실제 샘플 제작 전 핏과 디자인 검토 목적입니다. 소재 정보와 도식화 제공 예정.',
'["3d_designer"]'::jsonb, 1500000, 2500000, '2024-02-20', '원격 가능', '[]'::jsonb, 'open'),

('55555555-5555-5555-5555-555555555504', '22222222-2222-2222-2222-222222222202',
'점퍼 샘플 제작',
'경량 패딩 점퍼 샘플 2종 제작. 패턴은 준비되어 있고, 샘플만 제작해주시면 됩니다. 원단도 저희가 제공합니다.',
'["sample_maker"]'::jsonb, 600000, 1000000, '2024-02-25', '서울 동대문', '[]'::jsonb, 'open'),

('55555555-5555-5555-5555-555555555505', '22222222-2222-2222-2222-222222222203',
'브랜드 로고 및 룩북 디자인',
'신규 론칭 브랜드의 로고 디자인과 첫 시즌 룩북 레이아웃 디자인이 필요합니다. 미니멀하고 세련된 느낌을 원합니다.',
'["graphic_designer"]'::jsonb, 2000000, 3500000, '2024-03-01', '원격 가능', '[]'::jsonb, 'open'),

('55555555-5555-5555-5555-555555555506', '22222222-2222-2222-2222-222222222203',
'테크니컬 디자이너 프리랜서',
'OEM 생산 진행 중인 브랜드에서 테크니컬 디자이너를 찾습니다. 스펙 시트 작성, 공장 커뮤니케이션, 샘플 피팅 참석 등. 주 3일 정도 협업 가능하신 분.',
'["technical_designer"]'::jsonb, 4000000, 6000000, '2024-04-30', '서울', '[]'::jsonb, 'open'),

('55555555-5555-5555-5555-555555555507', '22222222-2222-2222-2222-222222222204',
'니트 스웨터 개발',
'가을 시즌 니트 스웨터 3종 개발. 디자인 스케치는 있고, 니트 패턴 개발부터 샘플까지 진행해주실 분.',
'["knit_specialist"]'::jsonb, 1800000, 2800000, '2024-03-30', '경기', '[]'::jsonb, 'open'),

('55555555-5555-5555-5555-555555555508', '22222222-2222-2222-2222-222222222204',
'이커머스 촬영 (100장)',
'온라인 쇼핑몰 신상품 100종 촬영. 평촬영, 컷당 정면/측면/후면 3컷. 간단한 보정 포함 희망.',
'["photographer"]'::jsonb, 2500000, 4000000, '2024-02-28', '서울', '[]'::jsonb, 'open'),

('55555555-5555-5555-5555-555555555509', '22222222-2222-2222-2222-222222222205',
'패션 일러스트레이션',
'브랜드 아이덴티티 표현을 위한 패션 일러스트 5점 제작. 수채화 느낌의 부드러운 터치 선호.',
'["illustrator"]'::jsonb, 1000000, 1500000, '2024-02-20', '원격 가능', '[]'::jsonb, 'open'),

('55555555-5555-5555-5555-555555555510', '22222222-2222-2222-2222-222222222205',
'브랜드 캠페인 영상',
'2024 봄 시즌 캠페인 영상 제작. 30초 분량, 시네마틱한 무드. 모델, 로케이션은 저희가 준비합니다.',
'["videographer"]'::jsonb, 5000000, 8000000, '2024-03-15', '서울', '[]'::jsonb, 'open')
ON CONFLICT (id) DO NOTHING;

-- ===========================
-- 리뷰 데이터
-- ===========================

-- 먼저 계약 데이터 추가 (리뷰 작성을 위해 필요)
INSERT INTO contracts (id, project_id, client_id, expert_id, agreed_amount, platform_fee_rate, status, started_at, completed_at) VALUES
('66666666-6666-6666-6666-666666666601', '55555555-5555-5555-5555-555555555501', '22222222-2222-2222-2222-222222222201', '11111111-1111-1111-1111-111111111101', 700000, 0.15, 'completed', '2024-01-01', '2024-01-15'),
('66666666-6666-6666-6666-666666666602', '55555555-5555-5555-5555-555555555502', '22222222-2222-2222-2222-222222222201', '11111111-1111-1111-1111-111111111113', 4000000, 0.15, 'completed', '2024-01-10', '2024-01-20'),
('66666666-6666-6666-6666-666666666603', '55555555-5555-5555-5555-555555555503', '22222222-2222-2222-2222-222222222202', '11111111-1111-1111-1111-111111111103', 2000000, 0.15, 'completed', '2024-01-05', '2024-01-18'),
('66666666-6666-6666-6666-666666666604', '55555555-5555-5555-5555-555555555504', '22222222-2222-2222-2222-222222222202', '11111111-1111-1111-1111-111111111105', 800000, 0.15, 'completed', '2024-01-08', '2024-01-22')
ON CONFLICT (id) DO NOTHING;

-- 리뷰 삽입
INSERT INTO reviews (id, contract_id, reviewer_id, reviewee_id, rating, comment) VALUES
('77777777-7777-7777-7777-777777777701', '66666666-6666-6666-6666-666666666601', '22222222-2222-2222-2222-222222222201', '11111111-1111-1111-1111-111111111101', 5, '정말 꼼꼼하고 소통이 원활했습니다. 패턴 완성도가 높아서 샘플 수정이 거의 필요 없었어요.'),
('77777777-7777-7777-7777-777777777702', '66666666-6666-6666-6666-666666666602', '22222222-2222-2222-2222-222222222201', '11111111-1111-1111-1111-111111111113', 5, '촬영 결과물이 기대 이상이었습니다. 다음 시즌에도 함께 하고 싶어요.'),
('77777777-7777-7777-7777-777777777703', '66666666-6666-6666-6666-666666666603', '22222222-2222-2222-2222-222222222202', '11111111-1111-1111-1111-111111111103', 5, 'CLO3D 작업이 너무 정교해서 실제 샘플과 거의 동일했습니다. 시간과 비용을 많이 절약했어요.'),
('77777777-7777-7777-7777-777777777704', '66666666-6666-6666-6666-666666666604', '22222222-2222-2222-2222-222222222202', '11111111-1111-1111-1111-111111111105', 4, '샘플 퀄리티가 좋았습니다. 다만 일정이 조금 지연되었어요.'),

-- 추가 리뷰 (더미)
('77777777-7777-7777-7777-777777777705', '66666666-6666-6666-6666-666666666601', '22222222-2222-2222-2222-222222222203', '11111111-1111-1111-1111-111111111101', 5, '패턴 작업 속도도 빠르고 핏이 정말 예뻐요. 강력 추천합니다!'),
('77777777-7777-7777-7777-777777777706', '66666666-6666-6666-6666-666666666602', '22222222-2222-2222-2222-222222222204', '11111111-1111-1111-1111-111111111113', 5, '사진 퀄리티가 정말 좋습니다. 룩북이 브랜드 이미지를 잘 살려줬어요.'),
('77777777-7777-7777-7777-777777777707', '66666666-6666-6666-6666-666666666603', '22222222-2222-2222-2222-222222222205', '11111111-1111-1111-1111-111111111103', 4, '3D 샘플링 덕분에 디자인 수정이 훨씬 수월했습니다.'),
('77777777-7777-7777-7777-777777777708', '66666666-6666-6666-6666-666666666604', '22222222-2222-2222-2222-222222222201', '11111111-1111-1111-1111-111111111105', 5, '샘플 퀄리티가 정말 좋아요. 봉제 마무리가 깔끔합니다.')
ON CONFLICT (id) DO NOTHING;

-- ===========================
-- 완료 메시지
-- ===========================
-- 시드 데이터 삽입 완료!
-- 전문가: 20명
-- 클라이언트: 5명
-- 전문가 프로필: 20개
-- 포트폴리오: 14개
-- 프로젝트: 10개
-- 계약: 4개
-- 리뷰: 8개
